event_id,shift_date,shift,line_id,machine_id,downtime_code,downtime_category,downtime_minutes,start_time,end_time,planned_time_min,is_planned,event_class
1000,2025-07-01,A,L1,M101,MAT04,Material shortage,34.8,2025-07-01T07:46:00,2025-07-01T08:20:49.915258158,480.0,False,Unplanned
1001,2025-07-01,A,L1,M101,PM07,Planned maintenance,10.7,2025-07-01T10:27:00,2025-07-01T10:37:39.179187976,480.0,True,Planned
1002,2025-07-01,B,L1,M101,OPR06,Operator absence,12.3,2025-07-01T19:18:00,2025-07-01T19:30:16.923094364,480.0,False,Unplanned
1003,2025-07-01,B,L1,M101,MAT04,Material shortage,12.3,2025-07-01T17:07:00,2025-07-01T17:19:15.041045721,480.0,False,Unplanned
1004,2025-07-01,A,L1,M102,BRK02,Breakdown — mechanical,47.8,2025-07-01T12:21:00,2025-07-01T13:08:45.286683248,480.0,False,Unplanned
1005,2025-07-01,B,L1,M102,PM07,Planned maintenance,49.8,2025-07-01T17:35:00,2025-07-01T18:24:46.606609769,480.0,True,Planned
1006,2025-07-01,A,L2,M201,OPR06,Operator absence,20.2,2025-07-01T06:27:00,2025-07-01T06:47:10.724808868,480.0,False,Unplanned
1007,2025-07-01,A,L2,M201,PM07,Planned maintenance,14.1,2025-07-01T08:17:00,2025-07-01T08:31:04.030277465,480.0,True,Planned
1008,2025-07-01,B,L2,M201,QLT05,Quality hold,33.3,2025-07-01T19:20:00,2025-07-01T19:53:15.058434687,480.0,False,Unplanned
1009,2025-07-01,B,L2,M201,MAT04,Material shortage,22.2,2025-07-01T16:08:00,2025-07-01T16:30:11.555517070,480.0,False,Unplanned
1010,2025-07-01,A,L2,M202,MAT04,Material shortage,32.1,2025-07-01T10:31:00,2025-07-01T11:03:03.629013954,480.0,False,Unplanned
1011,2025-07-01,B,L2,M202,OPR06,Operator absence,9.6,2025-07-01T19:13:00,2025-07-01T19:22:37.678811325,480.0,False,Unplanned
1012,2025-07-01,A,L3,M301,CHG01,Changeover,65.8,2025-07-01T06:29:00,2025-07-01T07:34:46.504478739,480.0,True,Planned
1013,2025-07-01,A,L3,M301,CHG01,Changeover,12.1,2025-07-01T10:39:00,2025-07-01T10:51:07.471701957,480.0,True,Planned
1014,2025-07-01,B,L3,M301,CHG01,Changeover,87.3,2025-07-01T18:20:00,2025-07-01T19:47:18.380931641,480.0,True,Planned
1015,2025-07-01,B,L3,M301,MAT04,Material shortage,23.3,2025-07-01T15:24:00,2025-07-01T15:47:18.551999813,480.0,False,Unplanned
1016,2025-07-01,B,L3,M301,OPR06,Operator absence,8.8,2025-07-01T17:27:00,2025-07-01T17:35:50.989649804,480.0,False,Unplanned
1017,2025-07-01,A,L3,M302,BRK03,Breakdown — electrical,29.7,2025-07-01T06:12:00,2025-07-01T06:41:41.181892123,480.0,False,Unplanned
1018,2025-07-01,B,L3,M302,CHG01,Changeover,86.9,2025-07-01T19:31:00,2025-07-01T20:57:56.307640772,480.0,True,Planned
1019,2025-07-01,B,L3,M302,BRK03,Breakdown — electrical,27.9,2025-07-01T20:46:00,2025-07-01T21:13:55.053380383,480.0,False,Unplanned
1020,2025-07-01,A,L3,M303,BRK03,Breakdown — electrical,56.3,2025-07-01T08:18:00,2025-07-01T09:14:18.977305304,480.0,False,Unplanned
1021,2025-07-01,A,L3,M303,STP08,Minor stoppage,5.4,2025-07-01T06:00:00,2025-07-01T06:05:24.719202419,480.0,False,Unplanned
1022,2025-07-01,B,L3,M303,BRK03,Breakdown — electrical,20.1,2025-07-01T20:46:00,2025-07-01T21:06:04.369510715,480.0,False,Unplanned
1023,2025-07-01,B,L3,M303,CHG01,Changeover,33.6,2025-07-01T14:33:00,2025-07-01T15:06:34.106649367,480.0,True,Planned
1024,2025-07-02,A,L1,M101,CHG01,Changeover,5.0,2025-07-02T06:19:00,2025-07-02T06:24:00,480.0,True,Planned
1025,2025-07-02,B,L1,M101,CHG01,Changeover,34.1,2025-07-02T19:20:00,2025-07-02T19:54:06.113058089,480.0,True,Planned
1026,2025-07-02,A,L1,M102,PM07,Planned maintenance,64.9,2025-07-02T08:26:00,2025-07-02T09:30:53.766677697,480.0,True,Planned
1027,2025-07-02,A,L1,M102,PM07,Planned maintenance,20.4,2025-07-02T10:37:00,2025-07-02T10:57:25.105282838,480.0,True,Planned
1028,2025-07-02,B,L1,M102,PM07,Planned maintenance,30.5,2025-07-02T19:44:00,2025-07-02T20:14:28.205418444,480.0,True,Planned
1029,2025-07-02,A,L2,M201,MAT04,Material shortage,20.8,2025-07-02T06:35:00,2025-07-02T06:55:50.755239207,480.0,False,Unplanned
1030,2025-07-02,A,L2,M201,CHG01,Changeover,12.5,2025-07-02T11:02:00,2025-07-02T11:14:31.535887461,480.0,True,Planned
1031,2025-07-02,B,L2,M201,BRK02,Breakdown — mechanical,48.5,2025-07-02T20:20:00,2025-07-02T21:08:29.261604348,480.0,False,Unplanned
1032,2025-07-02,A,L2,M202,STP08,Minor stoppage,14.7,2025-07-02T08:40:00,2025-07-02T08:54:44.065130857,480.0,False,Unplanned
1033,2025-07-02,A,L2,M202,QLT05,Quality hold,11.5,2025-07-02T11:30:00,2025-07-02T11:41:31.833082672,480.0,False,Unplanned
1034,2025-07-02,B,L2,M202,MAT04,Material shortage,36.7,2025-07-02T17:30:00,2025-07-02T18:06:40.534484627,480.0,False,Unplanned
1035,2025-07-02,A,L3,M301,PM07,Planned maintenance,67.4,2025-07-02T08:24:00,2025-07-02T09:31:23.429682690,480.0,True,Planned
1036,2025-07-02,B,L3,M301,CHG01,Changeover,72.2,2025-07-02T18:29:00,2025-07-02T19:41:10.290950258,480.0,True,Planned
1037,2025-07-02,B,L3,M301,CHG01,Changeover,33.9,2025-07-02T20:47:00,2025-07-02T21:20:55.890927147,480.0,True,Planned
1038,2025-07-02,A,L3,M302,QLT05,Quality hold,26.3,2025-07-02T10:26:00,2025-07-02T10:52:18.568821260,480.0,False,Unplanned
1039,2025-07-02,B,L3,M302,MAT04,Material shortage,46.8,2025-07-02T19:16:00,2025-07-02T20:02:50.955391940,480.0,False,Unplanned
1040,2025-07-02,B,L3,M302,OPR06,Operator absence,14.0,2025-07-02T20:39:00,2025-07-02T20:52:57.106122001,480.0,False,Unplanned
1041,2025-07-02,B,L3,M302,CHG01,Changeover,35.2,2025-07-02T20:07:00,2025-07-02T20:42:14.685429637,480.0,True,Planned
1042,2025-07-02,A,L3,M303,STP08,Minor stoppage,14.4,2025-07-02T08:05:00,2025-07-02T08:19:21.931834802,480.0,False,Unplanned
1043,2025-07-02,A,L3,M303,BRK03,Breakdown — electrical,18.5,2025-07-02T11:23:00,2025-07-02T11:41:32.071049007,480.0,False,Unplanned
1044,2025-07-02,A,L3,M303,QLT05,Quality hold,10.4,2025-07-02T06:22:00,2025-07-02T06:32:25.835640366,480.0,False,Unplanned
1045,2025-07-02,B,L3,M303,CHG01,Changeover,79.4,2025-07-02T14:05:00,2025-07-02T15:24:23.896660677,480.0,True,Planned
1046,2025-07-03,A,L1,M101,OPR06,Operator absence,8.8,2025-07-03T06:00:00,2025-07-03T06:08:47.734777852,480.0,False,Unplanned
1047,2025-07-03,A,L1,M101,BRK02,Breakdown — mechanical,33.7,2025-07-03T06:49:00,2025-07-03T07:22:41.565968770,480.0,False,Unplanned
1048,2025-07-03,B,L1,M101,CHG01,Changeover,13.3,2025-07-03T14:26:00,2025-07-03T14:39:19.239770761,480.0,True,Planned
1049,2025-07-03,A,L1,M102,QLT05,Quality hold,31.6,2025-07-03T06:00:00,2025-07-03T06:31:34.248836847,480.0,False,Unplanned
1050,2025-07-03,A,L1,M102,CHG01,Changeover,10.1,2025-07-03T09:35:00,2025-07-03T09:45:05.247954261,480.0,True,Planned
1051,2025-07-03,B,L1,M102,STP08,Minor stoppage,5.9,2025-07-03T16:28:00,2025-07-03T16:33:55.047253361,480.0,False,Unplanned
1052,2025-07-03,A,L2,M201,BRK03,Breakdown — electrical,31.3,2025-07-03T10:21:00,2025-07-03T10:52:19.759335795,480.0,False,Unplanned
1053,2025-07-03,A,L2,M201,PM07,Planned maintenance,27.9,2025-07-03T10:48:00,2025-07-03T11:15:52.840874102,480.0,True,Planned
1054,2025-07-03,B,L2,M201,BRK03,Breakdown — electrical,25.0,2025-07-03T17:27:00,2025-07-03T17:51:59.961689574,480.0,False,Unplanned
1055,2025-07-03,A,L2,M202,QLT05,Quality hold,42.2,2025-07-03T12:42:00,2025-07-03T13:24:14.220114319,480.0,False,Unplanned
1056,2025-07-03,B,L2,M202,MAT04,Material shortage,32.6,2025-07-03T15:03:00,2025-07-03T15:35:33.344087524,480.0,False,Unplanned
1057,2025-07-03,A,L3,M301,CHG01,Changeover,45.2,2025-07-03T12:38:00,2025-07-03T13:23:12.749888690,480.0,True,Planned
1058,2025-07-03,A,L3,M301,OPR06,Operator absence,16.5,2025-07-03T12:32:00,2025-07-03T12:48:31.951037616,480.0,False,Unplanned
1059,2025-07-03,B,L3,M301,CHG01,Changeover,54.1,2025-07-03T19:19:00,2025-07-03T20:13:08.157891691,480.0,True,Planned
1060,2025-07-03,B,L3,M301,BRK03,Breakdown — electrical,39.3,2025-07-03T14:23:00,2025-07-03T15:02:18.853404341,480.0,False,Unplanned
1061,2025-07-03,A,L3,M302,CHG01,Changeover,79.8,2025-07-03T06:42:00,2025-07-03T08:01:49.994700573,480.0,True,Planned
1062,2025-07-03,A,L3,M302,OPR06,Operator absence,8.7,2025-07-03T11:38:00,2025-07-03T11:46:39.293183786,480.0,False,Unplanned
1063,2025-07-03,B,L3,M302,STP08,Minor stoppage,13.1,2025-07-03T16:17:00,2025-07-03T16:30:03.213953090,480.0,False,Unplanned
1064,2025-07-03,B,L3,M302,QLT05,Quality hold,13.7,2025-07-03T17:01:00,2025-07-03T17:14:40.457403381,480.0,False,Unplanned
1065,2025-07-03,A,L3,M303,CHG01,Changeover,43.1,2025-07-03T10:08:00,2025-07-03T10:51:04.286215743,480.0,True,Planned
1066,2025-07-03,A,L3,M303,OPR06,Operator absence,29.6,2025-07-03T11:31:00,2025-07-03T12:00:35.983850756,480.0,False,Unplanned
1067,2025-07-03,B,L3,M303,MAT04,Material shortage,46.2,2025-07-03T16:48:00,2025-07-03T17:34:09.845782757,480.0,False,Unplanned
1068,2025-07-03,B,L3,M303,CHG01,Changeover,72.7,2025-07-03T20:48:00,2025-07-03T22:00:41.638640007,480.0,True,Planned
1069,2025-07-03,B,L3,M303,CHG01,Changeover,23.6,2025-07-03T16:02:00,2025-07-03T16:25:36.301561098,480.0,True,Planned
1070,2025-07-04,A,L1,M101,PM07,Planned maintenance,32.4,2025-07-04T09:41:00,2025-07-04T10:13:22.504865022,480.0,True,Planned
1071,2025-07-04,B,L1,M101,PM07,Planned maintenance,37.3,2025-07-04T20:11:00,2025-07-04T20:48:20.673388409,480.0,True,Planned
1072,2025-07-04,B,L1,M101,CHG01,Changeover,10.7,2025-07-04T18:22:00,2025-07-04T18:32:43.273924641,480.0,True,Planned
1073,2025-07-04,A,L1,M102,PM07,Planned maintenance,44.8,2025-07-04T11:35:00,2025-07-04T12:19:50.426523492,480.0,True,Planned
1074,2025-07-04,B,L1,M102,OPR06,Operator absence,17.0,2025-07-04T16:26:00,2025-07-04T16:42:58.483375493,480.0,False,Unplanned
1075,2025-07-04,B,L1,M102,BRK02,Breakdown — mechanical,17.4,2025-07-04T15:49:00,2025-07-04T16:06:26.193930215,480.0,False,Unplanned
1076,2025-07-04,A,L2,M201,CHG01,Changeover,17.1,2025-07-04T12:31:00,2025-07-04T12:48:07.555345160,480.0,True,Planned
1077,2025-07-04,B,L2,M201,STP08,Minor stoppage,8.9,2025-07-04T20:37:00,2025-07-04T20:45:53.042803122,480.0,False,Unplanned
1078,2025-07-04,B,L2,M201,BRK02,Breakdown — mechanical,52.9,2025-07-04T18:01:00,2025-07-04T18:53:56.477540655,480.0,False,Unplanned
1079,2025-07-04,A,L2,M202,PM07,Planned maintenance,16.3,2025-07-04T09:29:00,2025-07-04T09:45:17.823372057,480.0,True,Planned
1080,2025-07-04,B,L2,M202,STP08,Minor stoppage,3.3,2025-07-04T20:14:00,2025-07-04T20:17:20.342093621,480.0,False,Unplanned
1081,2025-07-04,B,L2,M202,CHG01,Changeover,28.8,2025-07-04T18:03:00,2025-07-04T18:31:49.417835598,480.0,True,Planned
1082,2025-07-04,A,L3,M301,CHG01,Changeover,52.1,2025-07-04T07:00:00,2025-07-04T07:52:04.777568969,480.0,True,Planned
1083,2025-07-04,A,L3,M301,BRK03,Breakdown — electrical,10.1,2025-07-04T06:05:00,2025-07-04T06:15:05.178862550,480.0,False,Unplanned
1084,2025-07-04,A,L3,M301,QLT05,Quality hold,16.4,2025-07-04T08:21:00,2025-07-04T08:37:21.674963366,480.0,False,Unplanned
1085,2025-07-04,B,L3,M301,CHG01,Changeover,55.0,2025-07-04T20:35:00,2025-07-04T21:29:57.001460434,480.0,True,Planned
1086,2025-07-04,A,L3,M302,BRK02,Breakdown — mechanical,77.0,2025-07-04T10:42:00,2025-07-04T11:58:58.230911426,480.0,False,Unplanned
1087,2025-07-04,A,L3,M302,MAT04,Material shortage,19.1,2025-07-04T06:22:00,2025-07-04T06:41:04.705365983,480.0,False,Unplanned
1088,2025-07-04,B,L3,M302,BRK02,Breakdown — mechanical,78.1,2025-07-04T16:14:00,2025-07-04T17:32:04.623688834,480.0,False,Unplanned
1089,2025-07-04,B,L3,M302,CHG01,Changeover,10.2,2025-07-04T19:03:00,2025-07-04T19:13:13.922278852,480.0,True,Planned
1090,2025-07-04,A,L3,M303,CHG01,Changeover,34.3,2025-07-04T10:34:00,2025-07-04T11:08:20.502779676,480.0,True,Planned
1091,2025-07-04,B,L3,M303,STP08,Minor stoppage,10.1,2025-07-04T15:13:00,2025-07-04T15:23:04.997783291,480.0,False,Unplanned
1092,2025-07-05,A,L1,M101,BRK03,Breakdown — electrical,26.6,2025-07-05T07:27:00,2025-07-05T07:53:34.213882815,480.0,False,Unplanned
1093,2025-07-05,B,L1,M101,PM07,Planned maintenance,46.2,2025-07-05T16:20:00,2025-07-05T17:06:12.173297130,480.0,True,Planned
1094,2025-07-05,A,L1,M102,MAT04,Material shortage,28.7,2025-07-05T10:43:00,2025-07-05T11:11:41.688629576,480.0,False,Unplanned
1095,2025-07-05,B,L1,M102,PM07,Planned maintenance,40.6,2025-07-05T14:10:00,2025-07-05T14:50:33.390660275,480.0,True,Planned
1096,2025-07-05,A,L2,M201,QLT05,Quality hold,24.3,2025-07-05T06:30:00,2025-07-05T06:54:19.193953012,480.0,False,Unplanned
1097,2025-07-05,A,L2,M201,QLT05,Quality hold,26.4,2025-07-05T12:03:00,2025-07-05T12:29:22.044538915,480.0,False,Unplanned
1098,2025-07-05,A,L2,M201,BRK02,Breakdown — mechanical,22.4,2025-07-05T08:19:00,2025-07-05T08:41:23.139117598,480.0,False,Unplanned
1099,2025-07-05,B,L2,M201,BRK03,Breakdown — electrical,24.1,2025-07-05T20:09:00,2025-07-05T20:33:08.770026911,480.0,False,Unplanned
1100,2025-07-05,B,L2,M201,MAT04,Material shortage,16.1,2025-07-05T17:22:00,2025-07-05T17:38:06.334012703,480.0,False,Unplanned
1101,2025-07-05,A,L2,M202,BRK03,Breakdown — electrical,45.0,2025-07-05T12:05:00,2025-07-05T12:50:01.173427419,480.0,False,Unplanned
1102,2025-07-05,B,L2,M202,MAT04,Material shortage,20.0,2025-07-05T17:04:00,2025-07-05T17:24:00.006707009,480.0,False,Unplanned
1103,2025-07-05,A,L3,M301,CHG01,Changeover,32.8,2025-07-05T07:11:00,2025-07-05T07:43:50.555816030,480.0,True,Planned
1104,2025-07-05,A,L3,M301,CHG01,Changeover,42.2,2025-07-05T07:42:00,2025-07-05T08:24:11.705263490,480.0,True,Planned
1105,2025-07-05,A,L3,M301,CHG01,Changeover,14.4,2025-07-05T07:09:00,2025-07-05T07:23:21.052883191,480.0,True,Planned
1106,2025-07-05,B,L3,M301,CHG01,Changeover,56.9,2025-07-05T19:22:00,2025-07-05T20:18:53.370870496,480.0,True,Planned
1107,2025-07-05,B,L3,M301,QLT05,Quality hold,25.2,2025-07-05T16:06:00,2025-07-05T16:31:12.582477865,480.0,False,Unplanned
1108,2025-07-05,B,L3,M301,BRK03,Breakdown — electrical,30.7,2025-07-05T14:41:00,2025-07-05T15:11:40.444208288,480.0,False,Unplanned
1109,2025-07-05,A,L3,M302,CHG01,Changeover,59.6,2025-07-05T09:33:00,2025-07-05T10:32:34.355756249,480.0,True,Planned
1110,2025-07-05,A,L3,M302,BRK02,Breakdown — mechanical,41.0,2025-07-05T11:37:00,2025-07-05T12:18:00.033932212,480.0,False,Unplanned
1111,2025-07-05,B,L3,M302,CHG01,Changeover,64.0,2025-07-05T17:21:00,2025-07-05T18:24:58.659520002,480.0,True,Planned
1112,2025-07-05,A,L3,M303,MAT04,Material shortage,32.8,2025-07-05T08:36:00,2025-07-05T09:08:45.975587059,480.0,False,Unplanned
1113,2025-07-05,A,L3,M303,OPR06,Operator absence,21.2,2025-07-05T09:03:00,2025-07-05T09:24:11.597870865,480.0,False,Unplanned
1114,2025-07-05,B,L3,M303,CHG01,Changeover,86.6,2025-07-05T18:35:00,2025-07-05T20:01:35.388838697,480.0,True,Planned
1115,2025-07-05,B,L3,M303,BRK03,Breakdown — electrical,38.2,2025-07-05T20:28:00,2025-07-05T21:06:13.188857300,480.0,False,Unplanned
1116,2025-07-06,A,L1,M101,CHG01,Changeover,53.8,2025-07-06T06:32:00,2025-07-06T07:25:48.168701526,480.0,True,Planned
1117,2025-07-06,B,L1,M101,BRK03,Breakdown — electrical,19.7,2025-07-06T15:14:00,2025-07-06T15:33:42.348884180,480.0,False,Unplanned
1118,2025-07-06,B,L1,M101,BRK03,Breakdown — electrical,33.9,2025-07-06T18:37:00,2025-07-06T19:10:54.399132539,480.0,False,Unplanned
1119,2025-07-06,A,L1,M102,MAT04,Material shortage,20.9,2025-07-06T10:26:00,2025-07-06T10:46:55.746197632,480.0,False,Unplanned
1120,2025-07-06,A,L1,M102,MAT04,Material shortage,30.2,2025-07-06T12:30:00,2025-07-06T13:00:09.679243810,480.0,False,Unplanned
1121,2025-07-06,B,L1,M102,STP08,Minor stoppage,14.0,2025-07-06T16:42:00,2025-07-06T16:56:00.622109608,480.0,False,Unplanned
1122,2025-07-06,B,L1,M102,STP08,Minor stoppage,11.7,2025-07-06T20:49:00,2025-07-06T21:00:41.093390108,480.0,False,Unplanned
1123,2025-07-06,A,L2,M201,BRK03,Breakdown — electrical,42.0,2025-07-06T07:14:00,2025-07-06T07:55:58.419574939,480.0,False,Unplanned
1124,2025-07-06,B,L2,M201,MAT04,Material shortage,27.7,2025-07-06T20:47:00,2025-07-06T21:14:42.217975754,480.0,False,Unplanned
1125,2025-07-06,A,L2,M202,BRK02,Breakdown — mechanical,26.7,2025-07-06T10:35:00,2025-07-06T11:01:44.622254998,480.0,False,Unplanned
1126,2025-07-06,A,L2,M202,PM07,Planned maintenance,37.0,2025-07-06T07:21:00,2025-07-06T07:57:59.911998562,480.0,True,Planned
1127,2025-07-06,B,L2,M202,BRK03,Breakdown — electrical,29.3,2025-07-06T15:21:00,2025-07-06T15:50:16.223988371,480.0,False,Unplanned
1128,2025-07-06,A,L3,M301,PM07,Planned maintenance,105.8,2025-07-06T07:07:00,2025-07-06T08:52:46.214810840,480.0,True,Planned
1129,2025-07-06,B,L3,M301,CHG01,Changeover,78.5,2025-07-06T16:08:00,2025-07-06T17:26:30.196537923,480.0,True,Planned
1130,2025-07-06,A,L3,M302,PM07,Planned maintenance,90.6,2025-07-06T11:23:00,2025-07-06T12:53:36.592201008,480.0,True,Planned
1131,2025-07-06,B,L3,M302,MAT04,Material shortage,25.5,2025-07-06T20:32:00,2025-07-06T20:57:29.307018697,480.0,False,Unplanned
1132,2025-07-06,A,L3,M303,OPR06,Operator absence,20.1,2025-07-06T08:41:00,2025-07-06T09:01:07.199574407,480.0,False,Unplanned
1133,2025-07-06,A,L3,M303,CHG01,Changeover,28.2,2025-07-06T10:46:00,2025-07-06T11:14:12.890634869,480.0,True,Planned
1134,2025-07-06,B,L3,M303,BRK02,Breakdown — mechanical,85.7,2025-07-06T16:42:00,2025-07-06T18:07:39.219153716,480.0,False,Unplanned
1135,2025-07-07,A,L1,M101,MAT04,Material shortage,28.6,2025-07-07T06:23:00,2025-07-07T06:51:36.427859108,480.0,False,Unplanned
1136,2025-07-07,A,L1,M101,QLT05,Quality hold,11.2,2025-07-07T08:33:00,2025-07-07T08:44:12.082370143,480.0,False,Unplanned
1137,2025-07-07,B,L1,M101,CHG01,Changeover,48.2,2025-07-07T16:13:00,2025-07-07T17:01:13.741531658,480.0,True,Planned
1138,2025-07-07,A,L1,M102,PM07,Planned maintenance,56.0,2025-07-07T06:40:00,2025-07-07T07:35:57.699778757,480.0,True,Planned
1139,2025-07-07,B,L1,M102,STP08,Minor stoppage,8.5,2025-07-07T17:24:00,2025-07-07T17:32:28.938846563,480.0,False,Unplanned
1140,2025-07-07,B,L1,M102,BRK03,Breakdown — electrical,36.7,2025-07-07T20:40:00,2025-07-07T21:16:39.075917112,480.0,False,Unplanned
1141,2025-07-07,A,L2,M201,MAT04,Material shortage,25.7,2025-07-07T09:18:00,2025-07-07T09:43:44.072103105,480.0,False,Unplanned
1142,2025-07-07,B,L2,M201,STP08,Minor stoppage,6.9,2025-07-07T16:26:00,2025-07-07T16:32:55.302374296,480.0,False,Unplanned
1143,2025-07-07,A,L2,M202,BRK02,Breakdown — mechanical,31.3,2025-07-07T10:49:00,2025-07-07T11:20:19.188923,480.0,False,Unplanned
1144,2025-07-07,B,L2,M202,BRK03,Breakdown — electrical,66.1,2025-07-07T19:11:00,2025-07-07T20:17:05.292385335,480.0,False,Unplanned
1145,2025-07-07,A,L3,M301,MAT04,Material shortage,41.5,2025-07-07T11:12:00,2025-07-07T11:53:27.571017005,480.0,False,Unplanned
1146,2025-07-07,A,L3,M301,STP08,Minor stoppage,13.1,2025-07-07T11:09:00,2025-07-07T11:22:07.400854927,480.0,False,Unplanned
1147,2025-07-07,B,L3,M301,CHG01,Changeover,52.1,2025-07-07T14:05:00,2025-07-07T14:57:08.715241350,480.0,True,Planned
1148,2025-07-07,B,L3,M301,STP08,Minor stoppage,5.7,2025-07-07T19:35:00,2025-07-07T19:40:41.829764967,480.0,False,Unplanned
1149,2025-07-07,B,L3,M301,BRK03,Breakdown — electrical,11.7,2025-07-07T20:26:00,2025-07-07T20:37:40.675493217,480.0,False,Unplanned
1150,2025-07-07,B,L3,M301,QLT05,Quality hold,8.1,2025-07-07T17:31:00,2025-07-07T17:39:06.200210071,480.0,False,Unplanned
1151,2025-07-07,A,L3,M302,BRK02,Breakdown — mechanical,57.5,2025-07-07T06:11:00,2025-07-07T07:08:31.462587423,480.0,False,Unplanned
1152,2025-07-07,B,L3,M302,BRK03,Breakdown — electrical,12.8,2025-07-07T20:10:00,2025-07-07T20:22:49.676761137,480.0,False,Unplanned
1153,2025-07-07,A,L3,M303,CHG01,Changeover,50.8,2025-07-07T12:39:00,2025-07-07T13:29:49.209875744,480.0,True,Planned
1154,2025-07-07,B,L3,M303,QLT05,Quality hold,39.5,2025-07-07T19:18:00,2025-07-07T19:57:28.524776585,480.0,False,Unplanned
1155,2025-07-07,B,L3,M303,CHG01,Changeover,76.7,2025-07-07T16:27:00,2025-07-07T17:43:43.575404151,480.0,True,Planned
1156,2025-07-07,B,L3,M303,MAT04,Material shortage,20.3,2025-07-07T17:21:00,2025-07-07T17:41:17.516175623,480.0,False,Unplanned
1157,2025-07-08,A,L1,M101,BRK02,Breakdown — mechanical,5.0,2025-07-08T12:04:00,2025-07-08T12:09:00,480.0,False,Unplanned
1158,2025-07-08,B,L1,M101,BRK03,Breakdown — electrical,14.4,2025-07-08T15:07:00,2025-07-08T15:21:25.979610550,480.0,False,Unplanned
1159,2025-07-08,A,L1,M102,BRK02,Breakdown — mechanical,24.5,2025-07-08T08:23:00,2025-07-08T08:47:30.648068773,480.0,False,Unplanned
1160,2025-07-08,A,L1,M102,BRK02,Breakdown — mechanical,28.0,2025-07-08T10:47:00,2025-07-08T11:14:59.596191785,480.0,False,Unplanned
1161,2025-07-08,B,L1,M102,OPR06,Operator absence,11.7,2025-07-08T19:46:00,2025-07-08T19:57:42.912414928,480.0,False,Unplanned
1162,2025-07-08,B,L1,M102,PM07,Planned maintenance,28.8,2025-07-08T15:29:00,2025-07-08T15:57:47.351547059,480.0,True,Planned
1163,2025-07-08,A,L2,M201,BRK02,Breakdown — mechanical,44.3,2025-07-08T07:30:00,2025-07-08T08:14:15.904500469,480.0,False,Unplanned
1164,2025-07-08,B,L2,M201,MAT04,Material shortage,54.2,2025-07-08T18:38:00,2025-07-08T19:32:14.949609111,480.0,False,Unplanned
1165,2025-07-08,B,L2,M201,OPR06,Operator absence,15.6,2025-07-08T17:33:00,2025-07-08T17:48:38.929197983,480.0,False,Unplanned
1166,2025-07-08,B,L2,M201,PM07,Planned maintenance,12.0,2025-07-08T18:35:00,2025-07-08T18:46:57.963368136,480.0,True,Planned
1167,2025-07-08,A,L2,M202,BRK03,Breakdown — electrical,48.3,2025-07-08T10:11:00,2025-07-08T10:59:16.482431416,480.0,False,Unplanned
1168,2025-07-08,B,L2,M202,BRK02,Breakdown — mechanical,33.4,2025-07-08T18:37:00,2025-07-08T19:10:23.637577492,480.0,False,Unplanned
1169,2025-07-08,A,L3,M301,BRK02,Breakdown — mechanical,70.3,2025-07-08T11:10:00,2025-07-08T12:20:17.156741763,480.0,False,Unplanned
1170,2025-07-08,B,L3,M301,CHG01,Changeover,53.5,2025-07-08T15:35:00,2025-07-08T16:28:31.404637027,480.0,True,Planned
1171,2025-07-08,B,L3,M301,CHG01,Changeover,31.3,2025-07-08T17:38:00,2025-07-08T18:09:16.996854144,480.0,True,Planned
1172,2025-07-08,A,L3,M302,CHG01,Changeover,26.0,2025-07-08T10:23:00,2025-07-08T10:49:01.641666216,480.0,True,Planned
1173,2025-07-08,A,L3,M302,CHG01,Changeover,56.1,2025-07-08T09:38:00,2025-07-08T10:34:06.291646934,480.0,True,Planned
1174,2025-07-08,B,L3,M302,CHG01,Changeover,64.4,2025-07-08T16:31:00,2025-07-08T17:35:24.567652951,480.0,True,Planned
1175,2025-07-08,B,L3,M302,CHG01,Changeover,9.6,2025-07-08T18:14:00,2025-07-08T18:23:37.418002870,480.0,True,Planned
1176,2025-07-08,A,L3,M303,CHG01,Changeover,84.4,2025-07-08T11:07:00,2025-07-08T12:31:21.812216437,480.0,True,Planned
1177,2025-07-08,B,L3,M303,PM07,Planned maintenance,86.7,2025-07-08T19:41:00,2025-07-08T21:07:44.862128014,480.0,True,Planned
1178,2025-07-08,B,L3,M303,CHG01,Changeover,18.6,2025-07-08T15:18:00,2025-07-08T15:36:33.236755933,480.0,True,Planned
1179,2025-07-09,A,L1,M101,BRK02,Breakdown — mechanical,46.2,2025-07-09T07:21:00,2025-07-09T08:07:13.384706185,480.0,False,Unplanned
1180,2025-07-09,B,L1,M101,CHG01,Changeover,14.6,2025-07-09T19:20:00,2025-07-09T19:34:37.232720669,480.0,True,Planned
1181,2025-07-09,A,L1,M102,CHG01,Changeover,14.4,2025-07-09T07:01:00,2025-07-09T07:15:24.495258707,480.0,True,Planned
1182,2025-07-09,B,L1,M102,MAT04,Material shortage,49.6,2025-07-09T20:12:00,2025-07-09T21:01:34.699723791,480.0,False,Unplanned
1183,2025-07-09,A,L2,M201,CHG01,Changeover,53.7,2025-07-09T11:02:00,2025-07-09T11:55:40.768719074,480.0,True,Planned
1184,2025-07-09,A,L2,M201,STP08,Minor stoppage,8.9,2025-07-09T12:37:00,2025-07-09T12:45:51.416951456,480.0,False,Unplanned
1185,2025-07-09,A,L2,M201,CHG01,Changeover,6.1,2025-07-09T11:31:00,2025-07-09T11:37:05.502811218,480.0,True,Planned
1186,2025-07-09,B,L2,M201,PM07,Planned maintenance,51.7,2025-07-09T19:12:00,2025-07-09T20:03:40.265532137,480.0,True,Planned
1187,2025-07-09,A,L2,M202,CHG01,Changeover,11.8,2025-07-09T12:29:00,2025-07-09T12:40:47.448742167,480.0,True,Planned
1188,2025-07-09,B,L2,M202,BRK02,Breakdown — mechanical,40.0,2025-07-09T18:46:00,2025-07-09T19:26:02.159304928,480.0,False,Unplanned
1189,2025-07-09,A,L3,M301,PM07,Planned maintenance,37.6,2025-07-09T08:17:00,2025-07-09T08:54:37.926610905,480.0,True,Planned
1190,2025-07-09,A,L3,M301,CHG01,Changeover,52.3,2025-07-09T07:37:00,2025-07-09T08:29:19.024906509,480.0,True,Planned
1191,2025-07-09,B,L3,M301,OPR06,Operator absence,19.7,2025-07-09T14:23:00,2025-07-09T14:42:41.729052677,480.0,False,Unplanned
1192,2025-07-09,A,L3,M302,STP08,Minor stoppage,6.3,2025-07-09T11:08:00,2025-07-09T11:14:19.087177208,480.0,False,Unplanned
1193,2025-07-09,B,L3,M302,PM07,Planned maintenance,70.9,2025-07-09T16:31:00,2025-07-09T17:41:54.546995770,480.0,True,Planned
1194,2025-07-09,A,L3,M303,BRK02,Breakdown — mechanical,49.7,2025-07-09T12:34:00,2025-07-09T13:23:40.268162265,480.0,False,Unplanned
1195,2025-07-09,A,L3,M303,CHG01,Changeover,66.5,2025-07-09T11:10:00,2025-07-09T12:16:28.206719252,480.0,True,Planned
1196,2025-07-09,B,L3,M303,CHG01,Changeover,70.1,2025-07-09T18:30:00,2025-07-09T19:40:04.807831388,480.0,True,Planned
1197,2025-07-09,B,L3,M303,OPR06,Operator absence,9.6,2025-07-09T19:22:00,2025-07-09T19:31:37.773129615,480.0,False,Unplanned
1198,2025-07-09,B,L3,M303,CHG01,Changeover,39.5,2025-07-09T16:16:00,2025-07-09T16:55:27.234918797,480.0,True,Planned
1199,2025-07-10,A,L1,M101,STP08,Minor stoppage,8.9,2025-07-10T09:32:00,2025-07-10T09:40:52.352879724,480.0,False,Unplanned
1200,2025-07-10,A,L1,M101,QLT05,Quality hold,35.8,2025-07-10T06:03:00,2025-07-10T06:38:48.781788325,480.0,False,Unplanned
1201,2025-07-10,A,L1,M101,MAT04,Material shortage,39.3,2025-07-10T09:25:00,2025-07-10T10:04:15.819814094,480.0,False,Unplanned
1202,2025-07-10,B,L1,M101,BRK03,Breakdown — electrical,52.4,2025-07-10T19:35:00,2025-07-10T20:27:22.782022127,480.0,False,Unplanned
1203,2025-07-10,A,L1,M102,BRK02,Breakdown — mechanical,34.1,2025-07-10T07:47:00,2025-07-10T08:21:06.510135324,480.0,False,Unplanned
1204,2025-07-10,B,L1,M102,CHG01,Changeover,40.7,2025-07-10T20:17:00,2025-07-10T20:57:42.869008725,480.0,True,Planned
1205,2025-07-10,A,L2,M201,STP08,Minor stoppage,5.0,2025-07-10T12:48:00,2025-07-10T12:53:00,480.0,False,Unplanned
1206,2025-07-10,B,L2,M201,QLT05,Quality hold,16.6,2025-07-10T14:26:00,2025-07-10T14:42:36.295641060,480.0,False,Unplanned
1207,2025-07-10,A,L2,M202,OPR06,Operator absence,9.2,2025-07-10T06:46:00,2025-07-10T06:55:12.514185740,480.0,False,Unplanned
1208,2025-07-10,A,L2,M202,QLT05,Quality hold,7.2,2025-07-10T06:42:00,2025-07-10T06:49:12.365324512,480.0,False,Unplanned
1209,2025-07-10,B,L2,M202,STP08,Minor stoppage,9.1,2025-07-10T18:07:00,2025-07-10T18:16:08.605017984,480.0,False,Unplanned
1210,2025-07-10,B,L2,M202,STP08,Minor stoppage,10.6,2025-07-10T15:07:00,2025-07-10T15:17:34.789270504,480.0,False,Unplanned
1211,2025-07-10,B,L2,M202,OPR06,Operator absence,21.2,2025-07-10T20:47:00,2025-07-10T21:08:11.243387325,480.0,False,Unplanned
1212,2025-07-10,A,L3,M301,MAT04,Material shortage,44.4,2025-07-10T10:38:00,2025-07-10T11:22:24.969862018,480.0,False,Unplanned
1213,2025-07-10,A,L3,M301,QLT05,Quality hold,13.6,2025-07-10T11:43:00,2025-07-10T11:56:35.875161903,480.0,False,Unplanned
1214,2025-07-10,B,L3,M301,MAT04,Material shortage,20.7,2025-07-10T15:15:00,2025-07-10T15:35:42.866302020,480.0,False,Unplanned
1215,2025-07-10,B,L3,M301,STP08,Minor stoppage,2.2,2025-07-10T20:38:00,2025-07-10T20:40:09.400453152,480.0,False,Unplanned
1216,2025-07-10,B,L3,M301,OPR06,Operator absence,29.4,2025-07-10T20:09:00,2025-07-10T20:38:21.337412779,480.0,False,Unplanned
1217,2025-07-10,B,L3,M301,CHG01,Changeover,22.3,2025-07-10T14:30:00,2025-07-10T14:52:18.519444124,480.0,True,Planned
1218,2025-07-10,A,L3,M302,CHG01,Changeover,40.1,2025-07-10T06:36:00,2025-07-10T07:16:08.556829419,480.0,True,Planned
1219,2025-07-10,B,L3,M302,CHG01,Changeover,65.2,2025-07-10T17:46:00,2025-07-10T18:51:12.776386551,480.0,True,Planned
1220,2025-07-10,A,L3,M303,CHG01,Changeover,46.8,2025-07-10T06:42:00,2025-07-10T07:28:46.682822270,480.0,True,Planned
1221,2025-07-10,A,L3,M303,OPR06,Operator absence,17.8,2025-07-10T09:40:00,2025-07-10T09:57:49.234129629,480.0,False,Unplanned
1222,2025-07-10,A,L3,M303,STP08,Minor stoppage,3.5,2025-07-10T08:44:00,2025-07-10T08:47:30.401114949,480.0,False,Unplanned
1223,2025-07-10,A,L3,M303,CHG01,Changeover,34.9,2025-07-10T09:09:00,2025-07-10T09:43:55.491521981,480.0,True,Planned
1224,2025-07-10,B,L3,M303,BRK03,Breakdown — electrical,17.6,2025-07-10T16:20:00,2025-07-10T16:37:36.401277377,480.0,False,Unplanned
1225,2025-07-11,A,L1,M101,PM07,Planned maintenance,68.4,2025-07-11T08:36:00,2025-07-11T09:44:21.089453817,480.0,True,Planned
1226,2025-07-11,B,L1,M101,STP08,Minor stoppage,2.6,2025-07-11T20:18:00,2025-07-11T20:20:33.029968918,480.0,False,Unplanned
1227,2025-07-11,B,L1,M101,MAT04,Material shortage,41.9,2025-07-11T17:07:00,2025-07-11T17:48:52.770690187,480.0,False,Unplanned
1228,2025-07-11,A,L1,M102,BRK02,Breakdown — mechanical,14.7,2025-07-11T11:47:00,2025-07-11T12:01:42.825128580,480.0,False,Unplanned
1229,2025-07-11,B,L1,M102,PM07,Planned maintenance,42.9,2025-07-11T14:13:00,2025-07-11T14:55:52.041606536,480.0,True,Planned
1230,2025-07-11,A,L2,M201,OPR06,Operator absence,5.0,2025-07-11T09:33:00,2025-07-11T09:38:00,480.0,False,Unplanned
1231,2025-07-11,B,L2,M201,STP08,Minor stoppage,6.5,2025-07-11T19:01:00,2025-07-11T19:07:27.267230906,480.0,False,Unplanned
1232,2025-07-11,A,L2,M202,STP08,Minor stoppage,6.4,2025-07-11T09:08:00,2025-07-11T09:14:26.399844517,480.0,False,Unplanned
1233,2025-07-11,A,L2,M202,CHG01,Changeover,11.5,2025-07-11T09:39:00,2025-07-11T09:50:30.918995620,480.0,True,Planned
1234,2025-07-11,B,L2,M202,BRK03,Breakdown — electrical,36.5,2025-07-11T15:20:00,2025-07-11T15:56:30.207895224,480.0,False,Unplanned
1235,2025-07-11,B,L2,M202,MAT04,Material shortage,20.9,2025-07-11T16:16:00,2025-07-11T16:36:51.506841593,480.0,False,Unplanned
1236,2025-07-11,A,L3,M301,PM07,Planned maintenance,102.3,2025-07-11T09:44:00,2025-07-11T11:26:19.845005234,480.0,True,Planned
1237,2025-07-11,B,L3,M301,CHG01,Changeover,75.1,2025-07-11T19:39:00,2025-07-11T20:54:03.729102832,480.0,True,Planned
1238,2025-07-11,B,L3,M301,PM07,Planned maintenance,34.7,2025-07-11T18:37:00,2025-07-11T19:11:40.535963542,480.0,True,Planned
1239,2025-07-11,A,L3,M302,CHG01,Changeover,57.7,2025-07-11T08:02:00,2025-07-11T08:59:39.796992407,480.0,True,Planned
1240,2025-07-11,A,L3,M302,CHG01,Changeover,44.4,2025-07-11T06:07:00,2025-07-11T06:51:21.894334211,480.0,True,Planned
1241,2025-07-11,B,L3,M302,BRK02,Breakdown — mechanical,32.8,2025-07-11T15:40:00,2025-07-11T16:12:50.864683533,480.0,False,Unplanned
1242,2025-07-11,A,L3,M303,CHG01,Changeover,41.8,2025-07-11T06:33:00,2025-07-11T07:14:48.372994780,480.0,True,Planned
1243,2025-07-11,B,L3,M303,CHG01,Changeover,54.6,2025-07-11T16:43:00,2025-07-11T17:37:35.873273629,480.0,True,Planned
1244,2025-07-11,B,L3,M303,BRK03,Breakdown — electrical,16.1,2025-07-11T17:44:00,2025-07-11T18:00:08.589407640,480.0,False,Unplanned
1245,2025-07-11,B,L3,M303,CHG01,Changeover,34.0,2025-07-11T16:15:00,2025-07-11T16:49:01.053698415,480.0,True,Planned
1246,2025-07-12,A,L1,M101,OPR06,Operator absence,15.5,2025-07-12T10:32:00,2025-07-12T10:47:27.500931996,480.0,False,Unplanned
1247,2025-07-12,B,L1,M101,CHG01,Changeover,6.5,2025-07-12T17:12:00,2025-07-12T17:18:28.516467165,480.0,True,Planned
1248,2025-07-12,A,L1,M102,QLT05,Quality hold,43.1,2025-07-12T08:26:00,2025-07-12T09:09:06.847710824,480.0,False,Unplanned
1249,2025-07-12,B,L1,M102,BRK02,Breakdown — mechanical,31.8,2025-07-12T14:25:00,2025-07-12T14:56:47.351308195,480.0,False,Unplanned
1250,2025-07-12,A,L2,M201,BRK02,Breakdown — mechanical,28.3,2025-07-12T11:32:00,2025-07-12T12:00:18.796046821,480.0,False,Unplanned
1251,2025-07-12,B,L2,M201,BRK03,Breakdown — electrical,48.7,2025-07-12T15:35:00,2025-07-12T16:23:43.888308429,480.0,False,Unplanned
1252,2025-07-12,A,L2,M202,PM07,Planned maintenance,14.9,2025-07-12T07:24:00,2025-07-12T07:38:54.833716884,480.0,True,Planned
1253,2025-07-12,B,L2,M202,BRK02,Breakdown — mechanical,52.0,2025-07-12T15:14:00,2025-07-12T16:05:58.358985730,480.0,False,Unplanned
1254,2025-07-12,A,L3,M301,CHG01,Changeover,37.9,2025-07-12T06:28:00,2025-07-12T07:05:52.659191507,480.0,True,Planned
1255,2025-07-12,A,L3,M301,MAT04,Material shortage,35.1,2025-07-12T09:15:00,2025-07-12T09:50:04.164667700,480.0,False,Unplanned
1256,2025-07-12,B,L3,M301,CHG01,Changeover,72.0,2025-07-12T19:00:00,2025-07-12T20:12:02.606631748,480.0,True,Planned
1257,2025-07-12,A,L3,M302,BRK03,Breakdown — electrical,45.0,2025-07-12T11:44:00,2025-07-12T12:29:02.775530777,480.0,False,Unplanned
1258,2025-07-12,A,L3,M302,CHG01,Changeover,79.0,2025-07-12T12:02:00,2025-07-12T13:20:59.745361109,480.0,True,Planned
1259,2025-07-12,A,L3,M302,BRK03,Breakdown — electrical,17.3,2025-07-12T09:45:00,2025-07-12T10:02:15.797940040,480.0,False,Unplanned
1260,2025-07-12,B,L3,M302,CHG01,Changeover,64.1,2025-07-12T15:28:00,2025-07-12T16:32:08.265628150,480.0,True,Planned
1261,2025-07-12,B,L3,M302,BRK02,Breakdown — mechanical,25.7,2025-07-12T14:11:00,2025-07-12T14:36:40.386077072,480.0,False,Unplanned
1262,2025-07-12,A,L3,M303,CHG01,Changeover,25.7,2025-07-12T08:29:00,2025-07-12T08:54:42.645412331,480.0,True,Planned
1263,2025-07-12,A,L3,M303,CHG01,Changeover,37.3,2025-07-12T12:25:00,2025-07-12T13:02:19.015981030,480.0,True,Planned
1264,2025-07-12,B,L3,M303,PM07,Planned maintenance,132.3,2025-07-12T16:45:00,2025-07-12T18:57:17.063145603,480.0,True,Planned
1265,2025-07-13,A,L1,M101,CHG01,Changeover,33.7,2025-07-13T07:41:00,2025-07-13T08:14:39.553762254,480.0,True,Planned
1266,2025-07-13,B,L1,M101,MAT04,Material shortage,33.6,2025-07-13T16:09:00,2025-07-13T16:42:36.926912803,480.0,False,Unplanned
1267,2025-07-13,A,L1,M102,PM07,Planned maintenance,11.0,2025-07-13T10:24:00,2025-07-13T10:35:02.488753988,480.0,True,Planned
1268,2025-07-13,B,L1,M102,PM07,Planned maintenance,28.4,2025-07-13T17:27:00,2025-07-13T17:55:24.255089582,480.0,True,Planned
1269,2025-07-13,A,L2,M201,PM07,Planned maintenance,23.8,2025-07-13T12:18:00,2025-07-13T12:41:46.883248404,480.0,True,Planned
1270,2025-07-13,B,L2,M201,BRK02,Breakdown — mechanical,67.9,2025-07-13T16:42:00,2025-07-13T17:49:53.881811419,480.0,False,Unplanned
1271,2025-07-13,A,L2,M202,OPR06,Operator absence,26.0,2025-07-13T07:33:00,2025-07-13T07:59:01.674997318,480.0,False,Unplanned
1272,2025-07-13,A,L2,M202,MAT04,Material shortage,9.6,2025-07-13T10:34:00,2025-07-13T10:43:36.296431488,480.0,False,Unplanned
1273,2025-07-13,B,L2,M202,MAT04,Material shortage,24.8,2025-07-13T15:04:00,2025-07-13T15:28:46.676246228,480.0,False,Unplanned
1274,2025-07-13,B,L2,M202,OPR06,Operator absence,26.4,2025-07-13T15:18:00,2025-07-13T15:44:24.365785256,480.0,False,Unplanned
1275,2025-07-13,A,L3,M301,STP08,Minor stoppage,12.8,2025-07-13T12:12:00,2025-07-13T12:24:46.688315002,480.0,False,Unplanned
1276,2025-07-13,A,L3,M301,OPR06,Operator absence,22.1,2025-07-13T09:34:00,2025-07-13T09:56:03.760711116,480.0,False,Unplanned
1277,2025-07-13,A,L3,M301,QLT05,Quality hold,30.5,2025-07-13T06:08:00,2025-07-13T06:38:29.767899077,480.0,False,Unplanned
1278,2025-07-13,A,L3,M301,CHG01,Changeover,8.3,2025-07-13T11:25:00,2025-07-13T11:33:15.792508918,480.0,True,Planned
1279,2025-07-13,B,L3,M301,MAT04,Material shortage,58.0,2025-07-13T16:14:00,2025-07-13T17:12:00.004249378,480.0,False,Unplanned
1280,2025-07-13,A,L3,M302,CHG01,Changeover,27.7,2025-07-13T11:04:00,2025-07-13T11:31:40.886826775,480.0,True,Planned
1281,2025-07-13,A,L3,M302,MAT04,Material shortage,20.6,2025-07-13T10:32:00,2025-07-13T10:52:37.927773991,480.0,False,Unplanned
1282,2025-07-13,A,L3,M302,QLT05,Quality hold,38.9,2025-07-13T08:27:00,2025-07-13T09:05:56.227138829,480.0,False,Unplanned
1283,2025-07-13,B,L3,M302,CHG01,Changeover,54.3,2025-07-13T14:20:00,2025-07-13T15:14:19.251627135,480.0,True,Planned
1284,2025-07-13,B,L3,M302,PM07,Planned maintenance,9.9,2025-07-13T19:43:00,2025-07-13T19:52:52.357360355,480.0,True,Planned
1285,2025-07-13,A,L3,M303,CHG01,Changeover,34.4,2025-07-13T11:23:00,2025-07-13T11:57:22.212880793,480.0,True,Planned
1286,2025-07-13,A,L3,M303,CHG01,Changeover,68.3,2025-07-13T06:17:00,2025-07-13T07:25:17.603967149,480.0,True,Planned
1287,2025-07-13,B,L3,M303,STP08,Minor stoppage,14.5,2025-07-13T16:11:00,2025-07-13T16:25:28.485084406,480.0,False,Unplanned
1288,2025-07-13,B,L3,M303,QLT05,Quality hold,24.8,2025-07-13T20:35:00,2025-07-13T20:59:47.239676228,480.0,False,Unplanned
1289,2025-07-13,B,L3,M303,CHG01,Changeover,43.8,2025-07-13T18:12:00,2025-07-13T18:55:45.356727147,480.0,True,Planned
1290,2025-07-13,B,L3,M303,STP08,Minor stoppage,13.5,2025-07-13T14:27:00,2025-07-13T14:40:32.454107056,480.0,False,Unplanned
1291,2025-07-14,A,L1,M101,BRK03,Breakdown — electrical,30.4,2025-07-14T12:41:00,2025-07-14T13:11:22.411480292,480.0,False,Unplanned
1292,2025-07-14,A,L1,M101,STP08,Minor stoppage,11.5,2025-07-14T12:39:00,2025-07-14T12:50:28.940158487,480.0,False,Unplanned
1293,2025-07-14,A,L1,M101,CHG01,Changeover,5.0,2025-07-14T10:03:00,2025-07-14T10:08:00.421462507,480.0,True,Planned
1294,2025-07-14,B,L1,M101,BRK03,Breakdown — electrical,37.8,2025-07-14T19:45:00,2025-07-14T20:22:45.521435881,480.0,False,Unplanned
1295,2025-07-14,A,L1,M102,BRK03,Breakdown — electrical,43.0,2025-07-14T08:15:00,2025-07-14T08:58:01.898992203,480.0,False,Unplanned
1296,2025-07-14,A,L1,M102,QLT05,Quality hold,18.2,2025-07-14T06:23:00,2025-07-14T06:41:11.371952675,480.0,False,Unplanned
1297,2025-07-14,B,L1,M102,BRK02,Breakdown — mechanical,26.1,2025-07-14T15:12:00,2025-07-14T15:38:07.071420466,480.0,False,Unplanned
1298,2025-07-14,A,L2,M201,OPR06,Operator absence,19.7,2025-07-14T06:19:00,2025-07-14T06:38:43.217364085,480.0,False,Unplanned
1299,2025-07-14,A,L2,M201,OPR06,Operator absence,21.9,2025-07-14T11:01:00,2025-07-14T11:22:54.152009794,480.0,False,Unplanned
1300,2025-07-14,B,L2,M201,BRK03,Breakdown — electrical,37.2,2025-07-14T17:20:00,2025-07-14T17:57:11.064802525,480.0,False,Unplanned
1301,2025-07-14,A,L2,M202,BRK02,Breakdown — mechanical,22.9,2025-07-14T08:44:00,2025-07-14T09:06:53.420896239,480.0,False,Unplanned
1302,2025-07-14,B,L2,M202,STP08,Minor stoppage,13.0,2025-07-14T14:26:00,2025-07-14T14:38:58.638719049,480.0,False,Unplanned
1303,2025-07-14,B,L2,M202,BRK02,Breakdown — mechanical,15.2,2025-07-14T20:18:00,2025-07-14T20:33:13.158341523,480.0,False,Unplanned
1304,2025-07-14,A,L3,M301,STP08,Minor stoppage,13.3,2025-07-14T09:34:00,2025-07-14T09:47:18.353750651,480.0,False,Unplanned
1305,2025-07-14,A,L3,M301,QLT05,Quality hold,32.8,2025-07-14T10:37:00,2025-07-14T11:09:50.853171431,480.0,False,Unplanned
1306,2025-07-14,A,L3,M301,CHG01,Changeover,36.4,2025-07-14T06:03:00,2025-07-14T06:39:25.468293472,480.0,True,Planned
1307,2025-07-14,B,L3,M301,CHG01,Changeover,67.2,2025-07-14T17:25:00,2025-07-14T18:32:09.527486734,480.0,True,Planned
1308,2025-07-14,A,L3,M302,QLT05,Quality hold,23.5,2025-07-14T09:41:00,2025-07-14T10:04:29.369886026,480.0,False,Unplanned
1309,2025-07-14,A,L3,M302,OPR06,Operator absence,29.7,2025-07-14T06:40:00,2025-07-14T07:09:44.750586258,480.0,False,Unplanned
1310,2025-07-14,A,L3,M302,PM07,Planned maintenance,43.8,2025-07-14T11:17:00,2025-07-14T12:00:50.008152222,480.0,True,Planned
1311,2025-07-14,B,L3,M302,CHG01,Changeover,35.8,2025-07-14T14:02:00,2025-07-14T14:37:46.436492685,480.0,True,Planned
1312,2025-07-14,B,L3,M302,BRK02,Breakdown — mechanical,19.2,2025-07-14T20:22:00,2025-07-14T20:41:11.662733391,480.0,False,Unplanned
1313,2025-07-14,B,L3,M302,CHG01,Changeover,23.0,2025-07-14T19:29:00,2025-07-14T19:52:01.924065248,480.0,True,Planned
1314,2025-07-14,A,L3,M303,BRK02,Breakdown — mechanical,92.3,2025-07-14T06:11:00,2025-07-14T07:43:19.030812026,480.0,False,Unplanned
1315,2025-07-14,B,L3,M303,CHG01,Changeover,53.5,2025-07-14T19:12:00,2025-07-14T20:05:29.129592641,480.0,True,Planned
1316,2025-07-15,A,L1,M101,BRK03,Breakdown — electrical,28.1,2025-07-15T07:46:00,2025-07-15T08:14:06.045376528,480.0,False,Unplanned
1317,2025-07-15,B,L1,M101,CHG01,Changeover,30.7,2025-07-15T18:27:00,2025-07-15T18:57:42.398595389,480.0,True,Planned
1318,2025-07-15,A,L1,M102,QLT05,Quality hold,10.0,2025-07-15T06:08:00,2025-07-15T06:18:02.078987245,480.0,False,Unplanned
1319,2025-07-15,A,L1,M102,BRK02,Breakdown — mechanical,14.6,2025-07-15T06:15:00,2025-07-15T06:29:33.952443613,480.0,False,Unplanned
1320,2025-07-15,B,L1,M102,OPR06,Operator absence,29.7,2025-07-15T18:36:00,2025-07-15T19:05:42.441626004,480.0,False,Unplanned
1321,2025-07-15,B,L1,M102,CHG01,Changeover,25.5,2025-07-15T16:10:00,2025-07-15T16:35:28.186628820,480.0,True,Planned
1322,2025-07-15,A,L2,M201,CHG01,Changeover,22.1,2025-07-15T08:28:00,2025-07-15T08:50:04.654555010,480.0,True,Planned
1323,2025-07-15,B,L2,M201,OPR06,Operator absence,21.2,2025-07-15T17:00:00,2025-07-15T17:21:11.116196089,480.0,False,Unplanned
1324,2025-07-15,A,L2,M202,BRK02,Breakdown — mechanical,42.3,2025-07-15T11:44:00,2025-07-15T12:26:16.258412145,480.0,False,Unplanned
1325,2025-07-15,B,L2,M202,BRK02,Breakdown — mechanical,44.8,2025-07-15T19:20:00,2025-07-15T20:04:46.687242515,480.0,False,Unplanned
1326,2025-07-15,B,L2,M202,BRK02,Breakdown — mechanical,5.5,2025-07-15T16:01:00,2025-07-15T16:06:31.334571287,480.0,False,Unplanned
1327,2025-07-15,A,L3,M301,BRK03,Breakdown — electrical,65.8,2025-07-15T07:32:00,2025-07-15T08:37:48.501207543,480.0,False,Unplanned
1328,2025-07-15,B,L3,M301,CHG01,Changeover,73.2,2025-07-15T18:46:00,2025-07-15T19:59:12.769373994,480.0,True,Planned
1329,2025-07-15,A,L3,M302,CHG01,Changeover,28.9,2025-07-15T06:48:00,2025-07-15T07:16:56.758019947,480.0,True,Planned
1330,2025-07-15,B,L3,M302,BRK02,Breakdown — mechanical,25.3,2025-07-15T15:30:00,2025-07-15T15:55:17.902910672,480.0,False,Unplanned
1331,2025-07-15,B,L3,M302,PM07,Planned maintenance,66.7,2025-07-15T15:37:00,2025-07-15T16:43:43.692724743,480.0,True,Planned
1332,2025-07-15,A,L3,M303,CHG01,Changeover,71.1,2025-07-15T11:47:00,2025-07-15T12:58:04.883624184,480.0,True,Planned
1333,2025-07-15,A,L3,M303,CHG01,Changeover,40.3,2025-07-15T06:19:00,2025-07-15T06:59:15.221835300,480.0,True,Planned
1334,2025-07-15,B,L3,M303,CHG01,Changeover,41.5,2025-07-15T19:19:00,2025-07-15T20:00:30.175242897,480.0,True,Planned
1335,2025-07-15,B,L3,M303,BRK02,Breakdown — mechanical,33.2,2025-07-15T19:30:00,2025-07-15T20:03:12.441945668,480.0,False,Unplanned
1336,2025-07-16,A,L1,M101,STP08,Minor stoppage,5.2,2025-07-16T07:44:00,2025-07-16T07:49:13.966236388,480.0,False,Unplanned
1337,2025-07-16,A,L1,M101,MAT04,Material shortage,34.2,2025-07-16T06:01:00,2025-07-16T06:35:10.961493780,480.0,False,Unplanned
1338,2025-07-16,B,L1,M101,BRK02,Breakdown — mechanical,16.2,2025-07-16T20:03:00,2025-07-16T20:19:12.926802623,480.0,False,Unplanned
1339,2025-07-16,A,L1,M102,CHG01,Changeover,26.2,2025-07-16T12:00:00,2025-07-16T12:26:12.221219066,480.0,True,Planned
1340,2025-07-16,B,L1,M102,MAT04,Material shortage,41.9,2025-07-16T17:39:00,2025-07-16T18:20:52.352304577,480.0,False,Unplanned
1341,2025-07-16,B,L1,M102,STP08,Minor stoppage,13.4,2025-07-16T15:45:00,2025-07-16T15:58:22.362060333,480.0,False,Unplanned
1342,2025-07-16,A,L2,M201,STP08,Minor stoppage,5.0,2025-07-16T08:32:00,2025-07-16T08:37:00,480.0,False,Unplanned
1343,2025-07-16,B,L2,M201,MAT04,Material shortage,45.3,2025-07-16T15:07:00,2025-07-16T15:52:17.870963257,480.0,False,Unplanned
1344,2025-07-16,A,L2,M202,QLT05,Quality hold,14.5,2025-07-16T10:34:00,2025-07-16T10:48:30.642549807,480.0,False,Unplanned
1345,2025-07-16,A,L2,M202,OPR06,Operator absence,16.6,2025-07-16T12:11:00,2025-07-16T12:27:37.730594325,480.0,False,Unplanned
1346,2025-07-16,B,L2,M202,QLT05,Quality hold,27.9,2025-07-16T15:03:00,2025-07-16T15:30:54.404441057,480.0,False,Unplanned
1347,2025-07-16,A,L3,M301,CHG01,Changeover,46.6,2025-07-16T06:02:00,2025-07-16T06:48:33.822318590,480.0,True,Planned
1348,2025-07-16,A,L3,M301,CHG01,Changeover,63.9,2025-07-16T09:15:00,2025-07-16T10:18:53.947424240,480.0,True,Planned
1349,2025-07-16,B,L3,M301,QLT05,Quality hold,33.5,2025-07-16T15:35:00,2025-07-16T16:08:31.167529081,480.0,False,Unplanned
1350,2025-07-16,B,L3,M301,QLT05,Quality hold,11.4,2025-07-16T20:06:00,2025-07-16T20:17:24.381302519,480.0,False,Unplanned
1351,2025-07-16,B,L3,M301,CHG01,Changeover,25.3,2025-07-16T14:25:00,2025-07-16T14:50:17.018123907,480.0,True,Planned
1352,2025-07-16,A,L3,M302,CHG01,Changeover,26.7,2025-07-16T07:27:00,2025-07-16T07:53:44.737530013,480.0,True,Planned
1353,2025-07-16,A,L3,M302,MAT04,Material shortage,35.5,2025-07-16T10:12:00,2025-07-16T10:47:31.328513525,480.0,False,Unplanned
1354,2025-07-16,A,L3,M302,CHG01,Changeover,35.0,2025-07-16T09:46:00,2025-07-16T10:21:01.784503018,480.0,True,Planned
1355,2025-07-16,B,L3,M302,CHG01,Changeover,70.6,2025-07-16T20:39:00,2025-07-16T21:49:34.956147726,480.0,True,Planned
1356,2025-07-16,B,L3,M302,CHG01,Changeover,23.6,2025-07-16T18:12:00,2025-07-16T18:35:38.946108347,480.0,True,Planned
1357,2025-07-16,A,L3,M303,CHG01,Changeover,67.1,2025-07-16T10:17:00,2025-07-16T11:24:07.566328097,480.0,True,Planned
1358,2025-07-16,B,L3,M303,OPR06,Operator absence,20.4,2025-07-16T16:35:00,2025-07-16T16:55:23.115002962,480.0,False,Unplanned
1359,2025-07-16,B,L3,M303,CHG01,Changeover,32.5,2025-07-16T20:27:00,2025-07-16T20:59:27.855230284,480.0,True,Planned
1360,2025-07-17,A,L1,M101,PM07,Planned maintenance,45.2,2025-07-17T11:15:00,2025-07-17T12:00:12.915457689,480.0,True,Planned
1361,2025-07-17,A,L1,M101,BRK03,Breakdown — electrical,7.2,2025-07-17T09:00:00,2025-07-17T09:07:10.785179367,480.0,False,Unplanned
1362,2025-07-17,B,L1,M101,STP08,Minor stoppage,9.7,2025-07-17T20:08:00,2025-07-17T20:17:43.914752710,480.0,False,Unplanned
1363,2025-07-17,B,L1,M101,OPR06,Operator absence,12.6,2025-07-17T17:35:00,2025-07-17T17:47:36.497930423,480.0,False,Unplanned
1364,2025-07-17,A,L1,M102,BRK02,Breakdown — mechanical,29.7,2025-07-17T06:31:00,2025-07-17T07:00:40.436733872,480.0,False,Unplanned
1365,2025-07-17,B,L1,M102,PM07,Planned maintenance,52.7,2025-07-17T20:23:00,2025-07-17T21:15:40.479992970,480.0,True,Planned
1366,2025-07-17,A,L2,M201,QLT05,Quality hold,12.5,2025-07-17T06:46:00,2025-07-17T06:58:30.285450130,480.0,False,Unplanned
1367,2025-07-17,A,L2,M201,PM07,Planned maintenance,32.1,2025-07-17T12:39:00,2025-07-17T13:11:05.203157247,480.0,True,Planned
1368,2025-07-17,B,L2,M201,BRK02,Breakdown — mechanical,53.3,2025-07-17T19:10:00,2025-07-17T20:03:20.584308343,480.0,False,Unplanned
1369,2025-07-17,A,L2,M202,BRK02,Breakdown — mechanical,43.3,2025-07-17T08:28:00,2025-07-17T09:11:20.701343720,480.0,False,Unplanned
1370,2025-07-17,B,L2,M202,BRK02,Breakdown — mechanical,20.3,2025-07-17T18:16:00,2025-07-17T18:36:20.443086746,480.0,False,Unplanned
1371,2025-07-17,A,L3,M301,CHG01,Changeover,47.5,2025-07-17T10:13:00,2025-07-17T11:00:30.236375908,480.0,True,Planned
1372,2025-07-17,A,L3,M301,QLT05,Quality hold,21.0,2025-07-17T10:16:00,2025-07-17T10:37:00.869818637,480.0,False,Unplanned
1373,2025-07-17,B,L3,M301,CHG01,Changeover,76.5,2025-07-17T17:22:00,2025-07-17T18:38:29.215419783,480.0,True,Planned
1374,2025-07-17,A,L3,M302,CHG01,Changeover,34.0,2025-07-17T08:34:00,2025-07-17T09:07:59.319305827,480.0,True,Planned
1375,2025-07-17,A,L3,M302,CHG01,Changeover,73.1,2025-07-17T12:43:00,2025-07-17T13:56:07.736883634,480.0,True,Planned
1376,2025-07-17,B,L3,M302,PM07,Planned maintenance,67.8,2025-07-17T19:43:00,2025-07-17T20:50:45.395775744,480.0,True,Planned
1377,2025-07-17,B,L3,M302,CHG01,Changeover,41.2,2025-07-17T20:06:00,2025-07-17T20:47:10.406699637,480.0,True,Planned
1378,2025-07-17,A,L3,M303,BRK03,Breakdown — electrical,38.2,2025-07-17T08:07:00,2025-07-17T08:45:10.974733154,480.0,False,Unplanned
1379,2025-07-17,A,L3,M303,CHG01,Changeover,76.8,2025-07-17T09:34:00,2025-07-17T10:50:45.145675587,480.0,True,Planned
1380,2025-07-17,B,L3,M303,CHG01,Changeover,37.2,2025-07-17T18:02:00,2025-07-17T18:39:12.648337951,480.0,True,Planned
1381,2025-07-17,B,L3,M303,CHG01,Changeover,82.1,2025-07-17T15:16:00,2025-07-17T16:38:07.978602307,480.0,True,Planned
1382,2025-07-18,A,L1,M101,PM07,Planned maintenance,45.5,2025-07-18T07:45:00,2025-07-18T08:30:27.350035746,480.0,True,Planned
1383,2025-07-18,B,L1,M101,BRK03,Breakdown — electrical,31.7,2025-07-18T19:48:00,2025-07-18T20:19:43.522883409,480.0,False,Unplanned
1384,2025-07-18,B,L1,M101,PM07,Planned maintenance,12.3,2025-07-18T17:39:00,2025-07-18T17:51:20.405739812,480.0,True,Planned
1385,2025-07-18,A,L1,M102,CHG01,Changeover,50.8,2025-07-18T11:27:00,2025-07-18T12:17:49.179184407,480.0,True,Planned
1386,2025-07-18,B,L1,M102,BRK03,Breakdown — electrical,69.8,2025-07-18T16:45:00,2025-07-18T17:54:47.650528118,480.0,False,Unplanned
1387,2025-07-18,A,L2,M201,QLT05,Quality hold,34.8,2025-07-18T12:06:00,2025-07-18T12:40:45.261107810,480.0,False,Unplanned
1388,2025-07-18,A,L2,M201,STP08,Minor stoppage,14.6,2025-07-18T09:45:00,2025-07-18T09:59:37.583826689,480.0,False,Unplanned
1389,2025-07-18,A,L2,M201,STP08,Minor stoppage,9.9,2025-07-18T11:42:00,2025-07-18T11:51:55.354907427,480.0,False,Unplanned
1390,2025-07-18,B,L2,M201,STP08,Minor stoppage,12.9,2025-07-18T15:48:00,2025-07-18T16:00:53.341488427,480.0,False,Unplanned
1391,2025-07-18,B,L2,M201,MAT04,Material shortage,15.4,2025-07-18T20:00:00,2025-07-18T20:15:23.174278299,480.0,False,Unplanned
1392,2025-07-18,A,L2,M202,QLT05,Quality hold,11.5,2025-07-18T09:11:00,2025-07-18T09:22:32.184355968,480.0,False,Unplanned
1393,2025-07-18,B,L2,M202,QLT05,Quality hold,16.3,2025-07-18T14:39:00,2025-07-18T14:55:19.768566019,480.0,False,Unplanned
1394,2025-07-18,A,L3,M301,PM07,Planned maintenance,71.4,2025-07-18T09:41:00,2025-07-18T10:52:26.177343420,480.0,True,Planned
1395,2025-07-18,B,L3,M301,CHG01,Changeover,74.8,2025-07-18T18:39:00,2025-07-18T19:53:46.382519308,480.0,True,Planned
1396,2025-07-18,B,L3,M301,OPR06,Operator absence,25.0,2025-07-18T16:44:00,2025-07-18T17:09:00.388421737,480.0,False,Unplanned
1397,2025-07-18,A,L3,M302,MAT04,Material shortage,55.3,2025-07-18T12:15:00,2025-07-18T13:10:18.834008318,480.0,False,Unplanned
1398,2025-07-18,B,L3,M302,CHG01,Changeover,67.6,2025-07-18T15:19:00,2025-07-18T16:26:38.585659738,480.0,True,Planned
1399,2025-07-18,A,L3,M303,BRK02,Breakdown — mechanical,92.3,2025-07-18T07:20:00,2025-07-18T08:52:16.417274083,480.0,False,Unplanned
1400,2025-07-18,B,L3,M303,CHG01,Changeover,78.4,2025-07-18T18:03:00,2025-07-18T19:21:26.296368226,480.0,True,Planned
1401,2025-07-18,B,L3,M303,BRK02,Breakdown — mechanical,47.9,2025-07-18T18:13:00,2025-07-18T19:00:53.866822026,480.0,False,Unplanned
1402,2025-07-19,A,L1,M101,BRK03,Breakdown — electrical,24.7,2025-07-19T12:15:00,2025-07-19T12:39:42.808792954,480.0,False,Unplanned
1403,2025-07-19,A,L1,M101,QLT05,Quality hold,21.1,2025-07-19T07:43:00,2025-07-19T08:04:07.075963690,480.0,False,Unplanned
1404,2025-07-19,B,L1,M101,BRK03,Breakdown — electrical,24.8,2025-07-19T16:16:00,2025-07-19T16:40:47.128176639,480.0,False,Unplanned
1405,2025-07-19,B,L1,M101,BRK02,Breakdown — mechanical,21.8,2025-07-19T14:28:00,2025-07-19T14:49:45.195948947,480.0,False,Unplanned
1406,2025-07-19,A,L1,M102,CHG01,Changeover,73.0,2025-07-19T06:08:00,2025-07-19T07:20:57.643007305,480.0,True,Planned
1407,2025-07-19,B,L1,M102,QLT05,Quality hold,13.2,2025-07-19T19:27:00,2025-07-19T19:40:13.741045964,480.0,False,Unplanned
1408,2025-07-19,A,L2,M201,BRK02,Breakdown — mechanical,39.3,2025-07-19T07:33:00,2025-07-19T08:12:17.977162430,480.0,False,Unplanned
1409,2025-07-19,B,L2,M201,PM07,Planned maintenance,28.7,2025-07-19T18:23:00,2025-07-19T18:51:42.216579492,480.0,True,Planned
1410,2025-07-19,A,L2,M202,PM07,Planned maintenance,37.7,2025-07-19T07:45:00,2025-07-19T08:22:42.566426295,480.0,True,Planned
1411,2025-07-19,B,L2,M202,BRK02,Breakdown — mechanical,13.4,2025-07-19T19:25:00,2025-07-19T19:38:24.507625337,480.0,False,Unplanned
1412,2025-07-19,A,L3,M301,PM07,Planned maintenance,81.6,2025-07-19T09:13:00,2025-07-19T10:34:34.343720319,480.0,True,Planned
1413,2025-07-19,B,L3,M301,CHG01,Changeover,68.0,2025-07-19T16:31:00,2025-07-19T17:39:01.993458063,480.0,True,Planned
1414,2025-07-19,B,L3,M301,OPR06,Operator absence,23.0,2025-07-19T20:33:00,2025-07-19T20:55:58.502583878,480.0,False,Unplanned
1415,2025-07-19,B,L3,M301,PM07,Planned maintenance,12.8,2025-07-19T17:35:00,2025-07-19T17:47:46.417967439,480.0,True,Planned
1416,2025-07-19,A,L3,M302,CHG01,Changeover,47.7,2025-07-19T10:34:00,2025-07-19T11:21:41.116479666,480.0,True,Planned
1417,2025-07-19,B,L3,M302,CHG01,Changeover,38.4,2025-07-19T14:15:00,2025-07-19T14:53:25.856321604,480.0,True,Planned
1418,2025-07-19,A,L3,M303,CHG01,Changeover,53.0,2025-07-19T08:19:00,2025-07-19T09:12:00.451099902,480.0,True,Planned
1419,2025-07-19,A,L3,M303,CHG01,Changeover,69.6,2025-07-19T08:40:00,2025-07-19T09:49:34.738745732,480.0,True,Planned
1420,2025-07-19,A,L3,M303,PM07,Planned maintenance,11.3,2025-07-19T06:26:00,2025-07-19T06:37:15.489456488,480.0,True,Planned
1421,2025-07-19,B,L3,M303,MAT04,Material shortage,31.6,2025-07-19T14:21:00,2025-07-19T14:52:36.742216098,480.0,False,Unplanned
1422,2025-07-19,B,L3,M303,CHG01,Changeover,76.7,2025-07-19T18:21:00,2025-07-19T19:37:40.606888455,480.0,True,Planned
1423,2025-07-20,A,L1,M101,QLT05,Quality hold,19.7,2025-07-20T08:46:00,2025-07-20T09:05:43.165653972,480.0,False,Unplanned
1424,2025-07-20,B,L1,M101,STP08,Minor stoppage,6.5,2025-07-20T18:11:00,2025-07-20T18:17:28.093860057,480.0,False,Unplanned
1425,2025-07-20,B,L1,M101,STP08,Minor stoppage,6.2,2025-07-20T15:28:00,2025-07-20T15:34:12.816887389,480.0,False,Unplanned
1426,2025-07-20,A,L1,M102,CHG01,Changeover,38.7,2025-07-20T07:00:00,2025-07-20T07:38:43.139652038,480.0,True,Planned
1427,2025-07-20,B,L1,M102,BRK03,Breakdown — electrical,20.0,2025-07-20T19:33:00,2025-07-20T19:52:58.323903593,480.0,False,Unplanned
1428,2025-07-20,B,L1,M102,MAT04,Material shortage,11.4,2025-07-20T17:41:00,2025-07-20T17:52:26.641351530,480.0,False,Unplanned
1429,2025-07-20,A,L2,M201,CHG01,Changeover,5.0,2025-07-20T08:04:00,2025-07-20T08:09:00,480.0,True,Planned
1430,2025-07-20,B,L2,M201,MAT04,Material shortage,38.9,2025-07-20T17:19:00,2025-07-20T17:57:52.168739004,480.0,False,Unplanned
1431,2025-07-20,A,L2,M202,CHG01,Changeover,44.2,2025-07-20T06:32:00,2025-07-20T07:16:14.112885903,480.0,True,Planned
1432,2025-07-20,B,L2,M202,BRK03,Breakdown — electrical,15.1,2025-07-20T14:40:00,2025-07-20T14:55:06.642776077,480.0,False,Unplanned
1433,2025-07-20,A,L3,M301,OPR06,Operator absence,9.5,2025-07-20T12:02:00,2025-07-20T12:11:30.999416286,480.0,False,Unplanned
1434,2025-07-20,A,L3,M301,QLT05,Quality hold,43.1,2025-07-20T10:05:00,2025-07-20T10:48:08.524079690,480.0,False,Unplanned
1435,2025-07-20,B,L3,M301,BRK02,Breakdown — mechanical,30.2,2025-07-20T20:26:00,2025-07-20T20:56:13.389959141,480.0,False,Unplanned
1436,2025-07-20,A,L3,M302,CHG01,Changeover,49.2,2025-07-20T07:03:00,2025-07-20T07:52:11.105804912,480.0,True,Planned
1437,2025-07-20,B,L3,M302,CHG01,Changeover,54.5,2025-07-20T19:16:00,2025-07-20T20:10:27.448546691,480.0,True,Planned
1438,2025-07-20,A,L3,M303,BRK02,Breakdown — mechanical,42.7,2025-07-20T12:08:00,2025-07-20T12:50:41.852065707,480.0,False,Unplanned
1439,2025-07-20,A,L3,M303,CHG01,Changeover,58.4,2025-07-20T12:12:00,2025-07-20T13:10:26.480497913,480.0,True,Planned
1440,2025-07-20,B,L3,M303,BRK03,Breakdown — electrical,56.4,2025-07-20T20:30:00,2025-07-20T21:26:24.270346334,480.0,False,Unplanned
1441,2025-07-20,B,L3,M303,MAT04,Material shortage,40.4,2025-07-20T15:17:00,2025-07-20T15:57:26.105158248,480.0,False,Unplanned
1442,2025-07-20,B,L3,M303,PM07,Planned maintenance,23.4,2025-07-20T18:03:00,2025-07-20T18:26:23.139355591,480.0,True,Planned
1443,2025-07-21,A,L1,M101,QLT05,Quality hold,18.5,2025-07-21T07:17:00,2025-07-21T07:35:27.128173366,480.0,False,Unplanned
1444,2025-07-21,A,L1,M101,BRK03,Breakdown — electrical,34.2,2025-07-21T06:35:00,2025-07-21T07:09:12.139322402,480.0,False,Unplanned
1445,2025-07-21,B,L1,M101,PM07,Planned maintenance,26.3,2025-07-21T19:35:00,2025-07-21T20:01:19.342640627,480.0,True,Planned
1446,2025-07-21,A,L1,M102,OPR06,Operator absence,17.2,2025-07-21T12:08:00,2025-07-21T12:25:13.949342508,480.0,False,Unplanned
1447,2025-07-21,A,L1,M102,CHG01,Changeover,11.6,2025-07-21T06:21:00,2025-07-21T06:32:38.551898163,480.0,True,Planned
1448,2025-07-21,B,L1,M102,BRK03,Breakdown — electrical,15.4,2025-07-21T17:07:00,2025-07-21T17:22:22.825789299,480.0,False,Unplanned
1449,2025-07-21,A,L2,M201,BRK03,Breakdown — electrical,27.8,2025-07-21T10:21:00,2025-07-21T10:48:46.908772250,480.0,False,Unplanned
1450,2025-07-21,B,L2,M201,BRK03,Breakdown — electrical,48.5,2025-07-21T16:44:00,2025-07-21T17:32:27.272457044,480.0,False,Unplanned
1451,2025-07-21,A,L2,M202,QLT05,Quality hold,23.5,2025-07-21T12:21:00,2025-07-21T12:44:29.018827869,480.0,False,Unplanned
1452,2025-07-21,A,L2,M202,STP08,Minor stoppage,4.0,2025-07-21T06:25:00,2025-07-21T06:28:59.001171653,480.0,False,Unplanned
1453,2025-07-21,A,L2,M202,PM07,Planned maintenance,12.6,2025-07-21T09:25:00,2025-07-21T09:37:37.581365028,480.0,True,Planned
1454,2025-07-21,B,L2,M202,BRK02,Breakdown — mechanical,56.0,2025-07-21T19:00:00,2025-07-21T19:56:00.055435541,480.0,False,Unplanned
1455,2025-07-21,B,L2,M202,QLT05,Quality hold,11.2,2025-07-21T14:19:00,2025-07-21T14:30:10.315494893,480.0,False,Unplanned
1456,2025-07-21,B,L2,M202,QLT05,Quality hold,12.4,2025-07-21T17:02:00,2025-07-21T17:14:24.384751325,480.0,False,Unplanned
1457,2025-07-21,A,L3,M301,CHG01,Changeover,54.3,2025-07-21T12:11:00,2025-07-21T13:05:18.606514532,480.0,True,Planned
1458,2025-07-21,A,L3,M301,BRK02,Breakdown — mechanical,30.9,2025-07-21T09:43:00,2025-07-21T10:13:56.465159918,480.0,False,Unplanned
1459,2025-07-21,B,L3,M301,CHG01,Changeover,76.3,2025-07-21T14:27:00,2025-07-21T15:43:17.307790467,480.0,True,Planned
1460,2025-07-21,B,L3,M301,BRK03,Breakdown — electrical,17.4,2025-07-21T18:33:00,2025-07-21T18:50:21.948641045,480.0,False,Unplanned
1461,2025-07-21,A,L3,M302,CHG01,Changeover,72.0,2025-07-21T09:49:00,2025-07-21T11:01:02.345512641,480.0,True,Planned
1462,2025-07-21,B,L3,M302,PM07,Planned maintenance,109.7,2025-07-21T14:45:00,2025-07-21T16:34:43.128534763,480.0,True,Planned
1463,2025-07-21,A,L3,M303,CHG01,Changeover,29.6,2025-07-21T07:09:00,2025-07-21T07:38:37.558407936,480.0,True,Planned
1464,2025-07-21,B,L3,M303,CHG01,Changeover,88.5,2025-07-21T17:34:00,2025-07-21T19:02:27.183370996,480.0,True,Planned
1465,2025-07-21,B,L3,M303,CHG01,Changeover,38.0,2025-07-21T18:03:00,2025-07-21T18:40:58.066279162,480.0,True,Planned
